{
 "tag": "ape_assist_reg_lam0.3_seed0",
 "formation_step": 800,
 "wall_s": 227.8,
 "final_ce_pred": 0.27930814027786255,
 "final_prev": 0.5793458819389343,
 "final_ind": 0.8867402672767639
}