{
 "tag": "ape_assist_reg_lam3.0_seed2",
 "formation_step": 1400,
 "wall_s": 220.9,
 "final_ce_pred": 0.34627774357795715,
 "final_prev": 0.4359588325023651,
 "final_ind": 0.8701708912849426
}