{
 "tag": "ape_assist_reg_lam3.0_seed4",
 "formation_step": 1500,
 "wall_s": 227.0,
 "final_ce_pred": 0.3391847610473633,
 "final_prev": 0.4059526026248932,
 "final_ind": 0.795418918132782
}