{
 "tag": "ape_sym_lam10.0_seed0",
 "formation_step": 1400,
 "wall_s": 237.8,
 "final_ce_pred": 0.2380901277065277,
 "final_prev": 0.9291370511054993,
 "final_ind": 0.8680551648139954
}