{
 "tag": "ape_assist_reg_lam3.0_seed1",
 "formation_step": 1300,
 "wall_s": 220.2,
 "final_ce_pred": 0.3468211591243744,
 "final_prev": 0.43567660450935364,
 "final_ind": 0.8700003623962402
}