{
 "tag": "ape_nd_reg_lam1.0_seed0",
 "formation_step": 800,
 "wall_s": 222.5,
 "final_ce_pred": 0.22032149136066437,
 "final_prev": 0.8981399536132812,
 "final_ind": 0.899998664855957
}