{
 "h0": {
  "alpha": 0.75
 },
 "h1": {
  "alpha": 0.75
 },
 "arm": "solmix",
 "scheme": "ape",
 "seed": 0,
 "tag": "ape_solmix_lam0.0_seed0_a0.75",
 "formation_step": 400,
 "wall_s": 210.2,
 "final_ce_pred": 0.22416727244853973,
 "final_prev": 0.8557621836662292,
 "final_ind": 0.8995820879936218,
 "alpha": 0.75
}