{
 "h0": {
  "alpha": 0.25
 },
 "h1": {
  "alpha": 0.25
 },
 "arm": "solmix",
 "scheme": "ape",
 "seed": 0,
 "tag": "ape_solmix_lam0.0_seed0_a0.25",
 "formation_step": 600,
 "wall_s": 208.7,
 "final_ce_pred": 0.22684822976589203,
 "final_prev": 0.8362150192260742,
 "final_ind": 0.9001271724700928,
 "alpha": 0.25
}