{
 "tag": "ape_free_lam0.0_seed2",
 "formation_step": 600,
 "wall_s": 208.7,
 "final_ce_pred": 0.22274087369441986,
 "final_prev": 0.8525102734565735,
 "final_ind": 0.9012392163276672
}