{
 "tag": "ape_nd_reg_lam1.0_seed3",
 "formation_step": 700,
 "wall_s": 223.4,
 "final_ce_pred": 0.217267706990242,
 "final_prev": 0.9199516177177429,
 "final_ind": 0.9018651843070984
}