{
 "tag": "ape_assist_reg_lam0.3_seed4",
 "formation_step": 800,
 "wall_s": 220.8,
 "final_ce_pred": 0.2715749144554138,
 "final_prev": 0.5420668721199036,
 "final_ind": 0.8870675563812256
}