{
 "tag": "ape_assist_reg_lam0.3_seed3",
 "formation_step": 800,
 "wall_s": 221.0,
 "final_ce_pred": 0.3061700761318207,
 "final_prev": 0.4955933392047882,
 "final_ind": 0.8813789486885071
}