{
 "tag": "ape_nd_reg_lam1.0_seed4",
 "formation_step": 900,
 "wall_s": 221.6,
 "final_ce_pred": 0.23605169355869293,
 "final_prev": 0.8285479545593262,
 "final_ind": 0.8966553211212158
}