{
 "tag": "ape_sym_lam10.0_seed2",
 "formation_step": 1800,
 "wall_s": 227.5,
 "final_ce_pred": 0.2409873604774475,
 "final_prev": 0.820482075214386,
 "final_ind": 0.7907154560089111
}