{
 "tag": "ape_nd_reg_lam1.0_seed2",
 "formation_step": 800,
 "wall_s": 224.5,
 "final_ce_pred": 0.227438822388649,
 "final_prev": 0.9009440541267395,
 "final_ind": 0.8992595672607422
}