{
 "h0": {
  "alpha": 0.5
 },
 "h1": {
  "alpha": 0.5
 },
 "arm": "solmix",
 "scheme": "ape",
 "seed": 1,
 "tag": "ape_solmix_lam0.0_seed1_a0.5",
 "formation_step": 400,
 "wall_s": 209.2,
 "final_ce_pred": 0.222355455160141,
 "final_prev": 0.8618138432502747,
 "final_ind": 0.9008963704109192,
 "alpha": 0.5
}