{
 "tag": "ape_assist_reg_lam0.3_seed2",
 "formation_step": 800,
 "wall_s": 220.4,
 "final_ce_pred": 0.2672649323940277,
 "final_prev": 0.5975314974784851,
 "final_ind": 0.8903029561042786
}