{
 "h0": {
  "alpha": 0.75
 },
 "h1": {
  "alpha": 0.75
 },
 "arm": "solmix",
 "scheme": "ape",
 "seed": 2,
 "tag": "ape_solmix_lam0.0_seed2_a0.75",
 "formation_step": 400,
 "wall_s": 209.2,
 "final_ce_pred": 0.22050632536411285,
 "final_prev": 0.8818562030792236,
 "final_ind": 0.9015567302703857,
 "alpha": 0.75
}