{
 "tag": "ape_assist_reg_lam3.0_seed3",
 "formation_step": 1400,
 "wall_s": 221.5,
 "final_ce_pred": 0.36757180094718933,
 "final_prev": 0.4160540997982025,
 "final_ind": 0.8653951287269592
}