{
 "h0": {
  "alpha": 0.25
 },
 "h1": {
  "alpha": 0.25
 },
 "arm": "solmix",
 "scheme": "ape",
 "seed": 1,
 "tag": "ape_solmix_lam0.0_seed1_a0.25",
 "formation_step": 600,
 "wall_s": 208.7,
 "final_ce_pred": 0.23087318241596222,
 "final_prev": 0.8124284148216248,
 "final_ind": 0.8986627459526062,
 "alpha": 0.25
}