{
 "tag": "ape_nd_reg_lam1.0_seed1",
 "formation_step": 700,
 "wall_s": 223.2,
 "final_ce_pred": 0.2187502533197403,
 "final_prev": 0.9165794253349304,
 "final_ind": 0.9006767272949219
}