{
 "tag": "ape_assist_reg_lam0.3_seed1",
 "formation_step": 700,
 "wall_s": 227.9,
 "final_ce_pred": 0.3071848750114441,
 "final_prev": 0.4364529550075531,
 "final_ind": 0.8816093802452087
}