{
 "tag": "ape_assist_reg_lam3.0_seed0",
 "formation_step": 1600,
 "wall_s": 236.2,
 "final_ce_pred": 0.3543873727321625,
 "final_prev": 0.4129895865917206,
 "final_ind": 0.8643200397491455
}