{
 "tag": "ape_sym_lam10.0_seed1",
 "formation_step": 1600,
 "wall_s": 226.8,
 "final_ce_pred": 0.2331208735704422,
 "final_prev": 0.905137836933136,
 "final_ind": 0.8657107949256897
}