{
 "tag": "rope_imag_lam3.0_seed3",
 "formation_step": 1200,
 "wall_s": 245.3,
 "final_ce_pred": 0.23064765334129333,
 "final_prev": 0.8431863188743591,
 "final_ind": 0.8974667191505432
}