{
 "h0": {
  "phases": [
   2.3054523042576927,
   2.3692151382740945,
   4.882044864456155,
   4.004818546679533,
   0.6816507001071733,
   0.056234132519034905,
   3.0617607830903175,
   5.122665527083428,
   4.195258750538446,
   5.780395450997485,
   0.0031622776601683794,
   0.0017782794100389228,
   4.906135705781491,
   4.723971237966117,
   1.7803174469461884,
   0.00017782794100389227
  ]
 },
 "h1": {
  "phases": [
   5.572778133261422,
   3.364897385176421,
   4.894515663014272,
   6.177414063579941,
   0.1,
   0.8610348282388866,
   5.418712055818748,
   0.01778279410038923,
   5.975744196795181,
   0.005623413251903491,
   3.8655727943245113,
   2.3067168350943827,
   4.454663500579168,
   2.3601388613234726,
   0.00031622776601683794,
   3.2820192849996315
  ]
 },
 "planted_pairs": {
  "h0": [
   5,
   10,
   11,
   15
  ],
  "h1": [
   4,
   7,
   9,
   14
  ]
 },
 "f": 0.25,
 "arm": "solfrac",
 "scheme": "rope",
 "seed": 2,
 "tag": "rope_solfrac_lam0.0_seed2_f0.25",
 "formation_step": 900,
 "wall_s": 231.6,
 "final_ce_pred": 0.22824272513389587,
 "final_prev": 0.8295601010322571,
 "final_ind": 0.8962533473968506
}