{
 "tag": "rope_imag_lam0.3_seed1",
 "formation_step": 1300,
 "wall_s": 243.5,
 "final_ce_pred": 0.22757671773433685,
 "final_prev": 0.8747594356536865,
 "final_ind": 0.8955232501029968
}