{
 "tag": "rope_imag_lam10.0_seed2",
 "formation_step": 1300,
 "wall_s": 228.3,
 "final_ce_pred": 0.2280917912721634,
 "final_prev": 0.961645781993866,
 "final_ind": 0.8935098648071289
}