{
 "tag": "rope_imag_lam10.0_seed1",
 "formation_step": 1400,
 "wall_s": 241.2,
 "final_ce_pred": 0.22597314417362213,
 "final_prev": 0.8956761360168457,
 "final_ind": 0.8999505639076233
}