{
 "h0": {
  "phases": [
   1.0,
   3.159567177661157,
   2.1081755167213636,
   0.041600533191644105,
   0.1,
   4.34989884417418,
   5.1355507177695605,
   0.01778279410038923,
   2.3276690302427525,
   0.40713796918801154,
   1.2242557219751262,
   0.0017782794100389228,
   0.2554754649950928,
   0.7772202431301645,
   4.088207828982605,
   0.39685914842826947
  ]
 },
 "h1": {
  "phases": [
   4.981103857038157,
   1.1815226039223212,
   4.771028611112345,
   3.716421412838054,
   5.841003740868251,
   6.041170403233183,
   0.03162277660168379,
   4.07202672601039,
   0.4038270902080508,
   1.6470201928424084,
   0.9591285765090951,
   4.084579469096243,
   4.000268015917293,
   0.0005623413251903491,
   0.00031622776601683794,
   0.00017782794100389227
  ]
 },
 "planted_pairs": {
  "h0": [
   0,
   4,
   7,
   11
  ],
  "h1": [
   6,
   13,
   14,
   15
  ]
 },
 "f": 0.25,
 "arm": "solfrac",
 "scheme": "rope",
 "seed": 4,
 "tag": "rope_solfrac_lam0.0_seed4_f0.25",
 "formation_step": 800,
 "wall_s": 230.5,
 "final_ce_pred": 0.22366417944431305,
 "final_prev": 0.9306728839874268,
 "final_ind": 0.8751377463340759
}