{
 "tag": "rope_imag_lam3.0_seed2",
 "formation_step": 1300,
 "wall_s": 243.7,
 "final_ce_pred": 0.22657464444637299,
 "final_prev": 0.903933048248291,
 "final_ind": 0.8978486061096191
}