{
 "h0": {
  "phases": [
   0.0,
   0.0,
   0.0,
   0.0,
   0.0,
   0.0,
   0.0,
   0.0,
   0.0,
   0.0,
   0.0,
   0.0,
   0.0,
   0.0,
   0.0,
   0.0
  ]
 },
 "h1": {
  "phases": [
   0.0,
   0.0,
   0.0,
   0.0,
   0.0,
   0.0,
   0.0,
   0.0,
   0.0,
   0.0,
   0.0,
   0.0,
   0.0,
   0.0,
   0.0,
   0.0
  ]
 },
 "arm": "nd_init",
 "scheme": "rope",
 "seed": 0,
 "tag": "rope_nd_init_lam0.0_seed0",
 "formation_step": 600,
 "wall_s": 231.8,
 "final_ce_pred": 0.2302003800868988,
 "final_prev": 0.945967435836792,
 "final_ind": 0.8923089504241943
}