{
 "tag": "rope_assist_reg_lam0.3_seed1",
 "formation_step": 1000,
 "wall_s": 243.5,
 "final_ce_pred": 0.22373096644878387,
 "final_prev": 0.9276898503303528,
 "final_ind": 0.8956257700920105
}