{
 "h0": {
  "phases": [
   1.0,
   4.846776778904805,
   0.31622776601683794,
   0.1778279410038923,
   0.1,
   1.9800042866948904,
   0.03162277660168379,
   0.01778279410038923,
   0.01,
   0.005623413251903491,
   0.0031622776601683794,
   5.8433170931541785,
   0.001,
   0.0005623413251903491,
   0.00031622776601683794,
   2.0143469218278556
  ]
 },
 "h1": {
  "phases": [
   1.0,
   0.5623413251903491,
   0.31622776601683794,
   0.1778279410038923,
   2.2649493623105266,
   2.106702636036197,
   0.03162277660168379,
   1.3958328677280252,
   0.01,
   0.005623413251903491,
   3.421874082078824,
   0.0017782794100389228,
   0.001,
   0.0005623413251903491,
   0.00031622776601683794,
   0.00017782794100389227
  ]
 },
 "planted_pairs": {
  "h0": [
   0,
   2,
   3,
   4,
   6,
   7,
   8,
   9,
   10,
   12,
   13,
   14
  ],
  "h1": [
   0,
   1,
   2,
   3,
   6,
   8,
   9,
   11,
   12,
   13,
   14,
   15
  ]
 },
 "f": 0.75,
 "arm": "solfrac",
 "scheme": "rope",
 "seed": 0,
 "tag": "rope_solfrac_lam0.0_seed0_f0.75",
 "formation_step": 700,
 "wall_s": 231.1,
 "final_ce_pred": 0.2263115793466568,
 "final_prev": 0.9200736880302429,
 "final_ind": 0.8975353240966797
}