{
 "h0": {
  "phases": [
   4.604024657908411,
   0.5623413251903491,
   0.31622776601683794,
   0.1778279410038923,
   5.616429723397574,
   5.49171726531426,
   0.03162277660168379,
   0.18933038085990628,
   4.808002191907256,
   5.255221933082795,
   5.834323231621233,
   1.5794018502312632,
   4.272779558587678,
   3.254094237427446,
   0.9670884711550589,
   3.535654012059791
  ]
 },
 "h1": {
  "phases": [
   2.8979536075333012,
   2.1494579685608093,
   4.223697484886504,
   2.492244195870001,
   6.124660397216902,
   0.056234132519034905,
   0.03162277660168379,
   0.3488676588777673,
   6.079078517688809,
   0.005623413251903491,
   4.33692865439331,
   5.992400172878602,
   3.667533525826372,
   5.058659683817283,
   0.00031622776601683794,
   1.7505900884121337
  ]
 },
 "planted_pairs": {
  "h0": [
   1,
   2,
   3,
   6
  ],
  "h1": [
   5,
   6,
   9,
   14
  ]
 },
 "f": 0.25,
 "arm": "solfrac",
 "scheme": "rope",
 "seed": 3,
 "tag": "rope_solfrac_lam0.0_seed3_f0.25",
 "formation_step": 900,
 "wall_s": 230.9,
 "final_ce_pred": 0.2240467667579651,
 "final_prev": 0.8915979266166687,
 "final_ind": 0.8962195515632629
}