{
 "h0": {
  "phases": [
   1.0,
   0.5623413251903491,
   0.31622776601683794,
   0.1581186237534462,
   5.616429723397574,
   5.49171726531426,
   0.03162277660168379,
   0.01778279410038923,
   0.01,
   0.005623413251903491,
   0.0031622776601683794,
   1.5794018502312632,
   0.001,
   0.0005623413251903491,
   0.00031622776601683794,
   0.00017782794100389227
  ]
 },
 "h1": {
  "phases": [
   2.8979536075333012,
   0.5623413251903491,
   0.31622776601683794,
   0.1778279410038923,
   0.1,
   5.108643835418225,
   0.03162277660168379,
   0.01778279410038923,
   0.01,
   0.005623413251903491,
   4.33692865439331,
   5.992400172878602,
   0.001,
   0.0005623413251903491,
   0.00031622776601683794,
   0.00017782794100389227
  ]
 },
 "planted_pairs": {
  "h0": [
   0,
   1,
   2,
   6,
   7,
   8,
   9,
   10,
   12,
   13,
   14,
   15
  ],
  "h1": [
   1,
   2,
   3,
   4,
   6,
   7,
   8,
   9,
   12,
   13,
   14,
   15
  ]
 },
 "f": 0.75,
 "arm": "solfrac",
 "scheme": "rope",
 "seed": 3,
 "tag": "rope_solfrac_lam0.0_seed3_f0.75",
 "formation_step": 700,
 "wall_s": 232.0,
 "final_ce_pred": 0.22212687134742737,
 "final_prev": 0.9500913619995117,
 "final_ind": 0.888884961605072
}