{
 "tag": "rope_assist_reg_lam3.0_seed1",
 "formation_step": 1100,
 "wall_s": 244.1,
 "final_ce_pred": 0.22654268145561218,
 "final_prev": 0.9258441925048828,
 "final_ind": 0.8789027333259583
}