{
 "tag": "rope_assist_reg_lam3.0_seed3",
 "formation_step": 1100,
 "wall_s": 236.4,
 "final_ce_pred": 0.22464291751384735,
 "final_prev": 0.9297372698783875,
 "final_ind": 0.8911664485931396
}