{
 "tag": "rope_imag_lam1.0_seed0",
 "formation_step": 1700,
 "wall_s": 243.4,
 "final_ce_pred": 0.22576536238193512,
 "final_prev": 0.8849843144416809,
 "final_ind": 0.8984259963035583
}