{
 "h0": {
  "phases": [
   1.0,
   4.846776778904805,
   0.39141012432961364,
   4.1840550795870275,
   0.1,
   0.056234132519034905,
   5.179446483860605,
   3.212775522685929,
   0.01,
   1.3307104119612014,
   0.0031622776601683794,
   5.8433170931541785,
   0.001,
   0.0005623413251903491,
   0.00031622776601683794,
   2.0143469218278556
  ]
 },
 "h1": {
  "phases": [
   1.0,
   1.8665754340295624,
   0.31622776601683794,
   0.1778279410038923,
   2.2649493623105266,
   2.106702636036197,
   0.03162277660168379,
   1.3958328677280252,
   0.01,
   0.005623413251903491,
   3.421874082078824,
   5.841909612598181,
   0.3424651445029911,
   0.0005623413251903491,
   0.00031622776601683794,
   2.7452097219888656
  ]
 },
 "planted_pairs": {
  "h0": [
   0,
   4,
   5,
   8,
   10,
   12,
   13,
   14
  ],
  "h1": [
   0,
   2,
   3,
   6,
   8,
   9,
   13,
   14
  ]
 },
 "f": 0.5,
 "arm": "solfrac",
 "scheme": "rope",
 "seed": 0,
 "tag": "rope_solfrac_lam0.0_seed0_f0.5",
 "formation_step": 700,
 "wall_s": 231.5,
 "final_ce_pred": 0.2244689166545868,
 "final_prev": 0.8903827667236328,
 "final_ind": 0.8975491523742676
}