{
 "tag": "rope_nd_reg_lam1.0_seed4",
 "formation_step": 900,
 "wall_s": 237.5,
 "final_ce_pred": 0.2283388376235962,
 "final_prev": 0.8944332599639893,
 "final_ind": 0.8942406177520752
}