{
 "tag": "rope_nd_reg_lam1.0_seed0",
 "formation_step": 900,
 "wall_s": 238.3,
 "final_ce_pred": 0.22777535021305084,
 "final_prev": 0.9230262637138367,
 "final_ind": 0.8725736737251282
}