{
 "h0": {
  "phases": [
   1.0,
   0.5623413251903491,
   0.31622776601683794,
   0.1778279410038923,
   0.1,
   0.056234132519034905,
   3.0617607830903175,
   0.01778279410038923,
   4.195258750538446,
   0.005623413251903491,
   0.0031622776601683794,
   0.0017782794100389228,
   4.906135705781491,
   0.0005623413251903491,
   0.00031622776601683794,
   4.891492710256275
  ]
 },
 "h1": {
  "phases": [
   1.0,
   0.5623413251903491,
   0.31622776601683794,
   6.177414063579941,
   0.1,
   0.8610348282388866,
   5.418712055818748,
   0.01778279410038923,
   5.975744196795181,
   0.005623413251903491,
   0.0031622776601683794,
   0.0017782794100389228,
   0.001,
   0.0005623413251903491,
   0.00031622776601683794,
   0.00017782794100389227
  ]
 },
 "planted_pairs": {
  "h0": [
   0,
   1,
   2,
   3,
   4,
   5,
   7,
   9,
   10,
   11,
   13,
   14
  ],
  "h1": [
   0,
   1,
   2,
   4,
   7,
   9,
   10,
   11,
   12,
   13,
   14,
   15
  ]
 },
 "f": 0.75,
 "arm": "solfrac",
 "scheme": "rope",
 "seed": 2,
 "tag": "rope_solfrac_lam0.0_seed2_f0.75",
 "formation_step": 700,
 "wall_s": 231.3,
 "final_ce_pred": 0.2283104509115219,
 "final_prev": 0.9156620502471924,
 "final_ind": 0.8917714953422546
}