{
 "h0": {
  "phases": [
   0.0,
   0.0,
   0.0,
   0.0,
   0.0,
   0.0,
   0.0,
   0.0,
   0.0,
   0.0,
   0.0,
   0.0,
   0.0,
   0.0,
   0.0,
   0.0
  ]
 },
 "h1": {
  "phases": [
   0.0,
   0.0,
   0.0,
   0.0,
   0.0,
   0.0,
   0.0,
   0.0,
   0.0,
   0.0,
   0.0,
   0.0,
   0.0,
   0.0,
   0.0,
   0.0
  ]
 },
 "arm": "nd_init",
 "scheme": "rope",
 "seed": 4,
 "tag": "rope_nd_init_lam0.0_seed4",
 "formation_step": 700,
 "wall_s": 234.2,
 "final_ce_pred": 0.22197799384593964,
 "final_prev": 0.9412057399749756,
 "final_ind": 0.8908600807189941
}