{
 "tag": "rope_imag_lam0.3_seed3",
 "formation_step": 1000,
 "wall_s": 244.3,
 "final_ce_pred": 0.22723200917243958,
 "final_prev": 0.8333180546760559,
 "final_ind": 0.9010654091835022
}