{
 "tag": "rope_assist_reg_lam3.0_seed4",
 "formation_step": 1200,
 "wall_s": 236.6,
 "final_ce_pred": 0.22236506640911102,
 "final_prev": 0.9194941520690918,
 "final_ind": 0.8901205062866211
}