{
 "h0": {
  "phases": [
   0.0,
   0.0,
   0.0,
   0.0,
   0.0,
   0.0,
   0.0,
   0.0,
   0.0,
   0.0,
   0.0,
   0.0,
   0.0,
   0.0,
   0.0,
   0.0
  ]
 },
 "h1": {
  "phases": [
   0.0,
   0.0,
   0.0,
   0.0,
   0.0,
   0.0,
   0.0,
   0.0,
   0.0,
   0.0,
   0.0,
   0.0,
   0.0,
   0.0,
   0.0,
   0.0
  ]
 },
 "arm": "nd_init",
 "scheme": "rope",
 "seed": 3,
 "tag": "rope_nd_init_lam0.0_seed3",
 "formation_step": 700,
 "wall_s": 239.6,
 "final_ce_pred": 0.22631944715976715,
 "final_prev": 0.9284685254096985,
 "final_ind": 0.8940809369087219
}