{
 "tag": "rope_imag_lam0.3_seed0",
 "formation_step": 1200,
 "wall_s": 243.2,
 "final_ce_pred": 0.22676034271717072,
 "final_prev": 0.9116792678833008,
 "final_ind": 0.8864672780036926
}