{
 "h0": {
  "phases": [
   0.0,
   0.0,
   0.0,
   0.0,
   0.0,
   0.0,
   0.0,
   0.0,
   0.0,
   0.0,
   0.0,
   0.0,
   0.0,
   0.0,
   0.0,
   0.0
  ]
 },
 "h1": {
  "phases": [
   0.0,
   0.0,
   0.0,
   0.0,
   0.0,
   0.0,
   0.0,
   0.0,
   0.0,
   0.0,
   0.0,
   0.0,
   0.0,
   0.0,
   0.0,
   0.0
  ]
 },
 "arm": "nd_init",
 "scheme": "rope",
 "seed": 2,
 "tag": "rope_nd_init_lam0.0_seed2",
 "formation_step": 600,
 "wall_s": 236.0,
 "final_ce_pred": 0.22668074071407318,
 "final_prev": 0.9357885718345642,
 "final_ind": 0.8981959223747253
}