{
 "tag": "rope_imag_lam1.0_seed1",
 "formation_step": 1300,
 "wall_s": 244.0,
 "final_ce_pred": 0.22690540552139282,
 "final_prev": 0.8841421008110046,
 "final_ind": 0.9006316065788269
}