{
 "h0": {
  "phases": [
   1.0,
   4.846776778904805,
   0.39141012432961364,
   4.1840550795870275,
   1.8007570850867471,
   0.056234132519034905,
   0.03162277660168379,
   3.212775522685929,
   2.476408825531022,
   1.3307104119612014,
   0.4179167144812976,
   5.8433170931541785,
   0.001,
   1.1301313557558144,
   1.428603925322924,
   2.0143469218278556
  ]
 },
 "h1": {
  "phases": [
   1.3512843108555797,
   0.5623413251903491,
   2.5437587884075112,
   3.31006380746859,
   0.1,
   2.106702636036197,
   5.6066787586095135,
   1.3958328677280252,
   0.8682712798376717,
   0.005623413251903491,
   3.421874082078824,
   5.841909612598181,
   0.3424651445029911,
   0.0005623413251903491,
   3.109106163523395,
   2.7452097219888656
  ]
 },
 "planted_pairs": {
  "h0": [
   0,
   5,
   6,
   12
  ],
  "h1": [
   1,
   4,
   9,
   13
  ]
 },
 "f": 0.25,
 "arm": "solfrac",
 "scheme": "rope",
 "seed": 0,
 "tag": "rope_solfrac_lam0.0_seed0_f0.25",
 "formation_step": 800,
 "wall_s": 230.5,
 "final_ce_pred": 0.22446073591709137,
 "final_prev": 0.8929776549339294,
 "final_ind": 0.8948494791984558
}