{
 "h0": {
  "phases": [
   1.0,
   0.5623413251903491,
   0.31622776601683794,
   0.1778279410038923,
   5.936719944555373,
   5.841190110919216,
   0.03162277660168379,
   1.8093493678649013,
   1.8218091864623664,
   0.9914089963389127,
   1.101817787185179,
   5.0393248157176105,
   0.001,
   0.0005623413251903491,
   0.00031622776601683794,
   4.064647846515148
  ]
 },
 "h1": {
  "phases": [
   3.400036869563997,
   0.5623413251903491,
   1.2972617549694396,
   5.939938923492599,
   2.5785914199623754,
   0.056234132519034905,
   1.0782459125412303,
   0.01778279410038923,
   2.358207601896897,
   0.005623413251903491,
   0.0031622776601683794,
   0.0017782794100389228,
   0.5663101755156242,
   5.039618162801539,
   0.00031622776601683794,
   0.00017782794100389227
  ]
 },
 "planted_pairs": {
  "h0": [
   0,
   1,
   2,
   3,
   6,
   12,
   13,
   14
  ],
  "h1": [
   1,
   5,
   7,
   9,
   10,
   11,
   14,
   15
  ]
 },
 "f": 0.5,
 "arm": "solfrac",
 "scheme": "rope",
 "seed": 1,
 "tag": "rope_solfrac_lam0.0_seed1_f0.5",
 "formation_step": 800,
 "wall_s": 231.6,
 "final_ce_pred": 0.22329853475093842,
 "final_prev": 0.9552633762359619,
 "final_ind": 0.8996118903160095
}