{
 "h0": {
  "phases": [
   2.3054523042576927,
   0.5623413251903491,
   4.882044864456155,
   0.1778279410038923,
   0.6816507001071733,
   0.056234132519034905,
   3.0617607830903175,
   0.01778279410038923,
   0.01,
   5.780395450997485,
   1.3623657084088299,
   0.0017782794100389228,
   4.906135705781491,
   0.0005623413251903491,
   1.7803174469461884,
   0.00017782794100389227
  ]
 },
 "h1": {
  "phases": [
   1.0,
   3.364897385176421,
   0.31622776601683794,
   6.177414063579941,
   0.1,
   0.8610348282388866,
   0.03162277660168379,
   3.287860297716676,
   5.975744196795181,
   2.698932227103657,
   0.0031622776601683794,
   2.3067168350943827,
   4.454663500579168,
   0.0005623413251903491,
   0.00031622776601683794,
   0.00017782794100389227
  ]
 },
 "planted_pairs": {
  "h0": [
   1,
   3,
   5,
   7,
   8,
   11,
   13,
   15
  ],
  "h1": [
   0,
   2,
   4,
   6,
   10,
   13,
   14,
   15
  ]
 },
 "f": 0.5,
 "arm": "solfrac",
 "scheme": "rope",
 "seed": 2,
 "tag": "rope_solfrac_lam0.0_seed2_f0.5",
 "formation_step": 800,
 "wall_s": 232.3,
 "final_ce_pred": 0.22362035512924194,
 "final_prev": 0.8981243968009949,
 "final_ind": 0.893427312374115
}