{
 "tag": "rope_assist_reg_lam3.0_seed0",
 "formation_step": 1100,
 "wall_s": 242.7,
 "final_ce_pred": 0.22878830134868622,
 "final_prev": 0.9124113917350769,
 "final_ind": 0.8888326287269592
}