{
 "tag": "rope_assist_reg_lam0.3_seed2",
 "formation_step": 1100,
 "wall_s": 243.6,
 "final_ce_pred": 0.2237393707036972,
 "final_prev": 0.8158979415893555,
 "final_ind": 0.8881185054779053
}