{
 "tag": "rope_assist_reg_lam0.3_seed3",
 "formation_step": 1000,
 "wall_s": 246.5,
 "final_ce_pred": 0.22900521755218506,
 "final_prev": 0.753558337688446,
 "final_ind": 0.8847670555114746
}