{
 "h0": {
  "phases": [
   0.0,
   0.0,
   0.0,
   0.0,
   0.0,
   0.0,
   0.0,
   0.0,
   0.0,
   0.0,
   0.0,
   0.0,
   0.0,
   0.0,
   0.0,
   0.0
  ]
 },
 "h1": {
  "phases": [
   0.0,
   0.0,
   0.0,
   0.0,
   0.0,
   0.0,
   0.0,
   0.0,
   0.0,
   0.0,
   0.0,
   0.0,
   0.0,
   0.0,
   0.0,
   0.0
  ]
 },
 "arm": "nd_init",
 "scheme": "rope",
 "seed": 1,
 "tag": "rope_nd_init_lam0.0_seed1",
 "formation_step": 700,
 "wall_s": 236.8,
 "final_ce_pred": 0.2242598682641983,
 "final_prev": 0.9439923167228699,
 "final_ind": 0.8946458697319031
}