{
 "tag": "rope_imag_lam3.0_seed4",
 "formation_step": 1300,
 "wall_s": 244.3,
 "final_ce_pred": 0.22643724083900452,
 "final_prev": 0.871295690536499,
 "final_ind": 0.8948782086372375
}