{
 "tag": "rope_free_lam0.0_seed4",
 "formation_step": 900,
 "wall_s": 230.7,
 "final_ce_pred": 0.2228889763355255,
 "final_prev": 0.9153456091880798,
 "final_ind": 0.8888656497001648
}