{
 "tag": "rope_assist_reg_lam0.3_seed0",
 "formation_step": 1000,
 "wall_s": 245.7,
 "final_ce_pred": 0.22811558842658997,
 "final_prev": 0.9061520099639893,
 "final_ind": 0.8869962096214294
}