{
 "tag": "rope_imag_lam1.0_seed3",
 "formation_step": 1400,
 "wall_s": 244.6,
 "final_ce_pred": 0.22431425750255585,
 "final_prev": 0.8747537136077881,
 "final_ind": 0.8980163931846619
}