{
 "tag": "rope_assist_reg_lam0.3_seed4",
 "formation_step": 900,
 "wall_s": 228.6,
 "final_ce_pred": 0.22742433845996857,
 "final_prev": 0.8582992553710938,
 "final_ind": 0.8942765593528748
}