{
 "tag": "rope_nd_reg_lam1.0_seed1",
 "formation_step": 900,
 "wall_s": 238.4,
 "final_ce_pred": 0.22652480006217957,
 "final_prev": 0.9348521828651428,
 "final_ind": 0.8983585238456726
}