{
 "tag": "rope_imag_lam3.0_seed0",
 "formation_step": 1200,
 "wall_s": 244.2,
 "final_ce_pred": 0.22958728671073914,
 "final_prev": 0.8322613835334778,
 "final_ind": 0.8975264430046082
}