{
 "tag": "rope_imag_lam1.0_seed2",
 "formation_step": 1400,
 "wall_s": 243.6,
 "final_ce_pred": 0.2244490534067154,
 "final_prev": 0.8700973987579346,
 "final_ind": 0.9010002613067627
}