{
 "tag": "rope_imag_lam10.0_seed4",
 "formation_step": 1400,
 "wall_s": 244.7,
 "final_ce_pred": 0.22834613919258118,
 "final_prev": 0.9372529983520508,
 "final_ind": 0.9017354846000671
}