{
 "tag": "rope_imag_lam10.0_seed0",
 "formation_step": 1300,
 "wall_s": 239.2,
 "final_ce_pred": 0.22887177765369415,
 "final_prev": 0.8243398070335388,
 "final_ind": 0.8967904448509216
}