{
 "tag": "rope_nd_reg_lam1.0_seed3",
 "formation_step": 1000,
 "wall_s": 245.1,
 "final_ce_pred": 0.22593212127685547,
 "final_prev": 0.9176337718963623,
 "final_ind": 0.8999848961830139
}