{
 "tag": "rope_imag_lam0.3_seed4",
 "formation_step": 1400,
 "wall_s": 243.7,
 "final_ce_pred": 0.22687526047229767,
 "final_prev": 0.8320650458335876,
 "final_ind": 0.8980238437652588
}