{
 "h0": {
  "phases": [
   1.0,
   0.5623413251903491,
   0.31622776601683794,
   0.1581186237534462,
   0.1,
   5.49171726531426,
   2.9522387915104806,
   0.18933038085990628,
   0.01,
   5.255221933082795,
   5.834323231621233,
   1.5794018502312632,
   0.001,
   0.0005623413251903491,
   0.00031622776601683794,
   3.535654012059791
  ]
 },
 "h1": {
  "phases": [
   2.8979536075333012,
   2.1494579685608093,
   0.31622776601683794,
   2.492244195870001,
   0.1,
   0.056234132519034905,
   0.03162277660168379,
   0.3488676588777673,
   6.079078517688809,
   1.155507302570186,
   0.0031622776601683794,
   0.0017782794100389228,
   0.001,
   5.058659683817283,
   5.72273792019093,
   0.00017782794100389227
  ]
 },
 "planted_pairs": {
  "h0": [
   0,
   1,
   2,
   4,
   8,
   12,
   13,
   14
  ],
  "h1": [
   2,
   4,
   5,
   6,
   10,
   11,
   12,
   15
  ]
 },
 "f": 0.5,
 "arm": "solfrac",
 "scheme": "rope",
 "seed": 3,
 "tag": "rope_solfrac_lam0.0_seed3_f0.5",
 "formation_step": 700,
 "wall_s": 230.8,
 "final_ce_pred": 0.22523872554302216,
 "final_prev": 0.9063921570777893,
 "final_ind": 0.8962616920471191
}