{
 "tag": "rope_assist_reg_lam3.0_seed2",
 "formation_step": 1200,
 "wall_s": 243.4,
 "final_ce_pred": 0.2253970354795456,
 "final_prev": 0.9469490647315979,
 "final_ind": 0.8923690319061279
}