{
 "h0": {
  "phases": [
   1.0,
   0.5623413251903491,
   0.31622776601683794,
   0.1778279410038923,
   0.1,
   5.841190110919216,
   0.03162277660168379,
   0.01778279410038923,
   0.01,
   0.005623413251903491,
   1.101817787185179,
   5.0393248157176105,
   0.001,
   0.0005623413251903491,
   4.766631092771342,
   0.00017782794100389227
  ]
 },
 "h1": {
  "phases": [
   1.0,
   0.12058219530245735,
   0.31622776601683794,
   0.1778279410038923,
   0.1,
   0.056234132519034905,
   0.03162277660168379,
   0.01778279410038923,
   0.01,
   1.0196546595405709,
   0.0031622776601683794,
   0.0017782794100389228,
   0.5663101755156242,
   0.0005623413251903491,
   0.22498071503102104,
   0.00017782794100389227
  ]
 },
 "planted_pairs": {
  "h0": [
   0,
   1,
   2,
   3,
   4,
   6,
   7,
   8,
   9,
   12,
   13,
   15
  ],
  "h1": [
   0,
   2,
   3,
   4,
   5,
   6,
   7,
   8,
   10,
   11,
   13,
   15
  ]
 },
 "f": 0.75,
 "arm": "solfrac",
 "scheme": "rope",
 "seed": 1,
 "tag": "rope_solfrac_lam0.0_seed1_f0.75",
 "formation_step": 700,
 "wall_s": 232.7,
 "final_ce_pred": 0.2246132493019104,
 "final_prev": 0.9745768904685974,
 "final_ind": 0.8992577195167542
}