{
 "h0": {
  "phases": [
   1.0,
   3.159567177661157,
   2.1081755167213636,
   0.1778279410038923,
   5.626049001745422,
   0.056234132519034905,
   5.1355507177695605,
   3.715484601337335,
   0.01,
   0.40713796918801154,
   1.2242557219751262,
   0.0017782794100389228,
   0.001,
   0.0005623413251903491,
   4.088207828982605,
   0.00017782794100389227
  ]
 },
 "h1": {
  "phases": [
   4.981103857038157,
   1.1815226039223212,
   4.771028611112345,
   3.716421412838054,
   0.1,
   6.041170403233183,
   2.6640866854350564,
   0.01778279410038923,
   0.4038270902080508,
   0.005623413251903491,
   0.0031622776601683794,
   0.0017782794100389228,
   4.000268015917293,
   0.0005623413251903491,
   0.00031622776601683794,
   0.00017782794100389227
  ]
 },
 "planted_pairs": {
  "h0": [
   0,
   3,
   5,
   8,
   11,
   12,
   13,
   15
  ],
  "h1": [
   4,
   7,
   9,
   10,
   11,
   13,
   14,
   15
  ]
 },
 "f": 0.5,
 "arm": "solfrac",
 "scheme": "rope",
 "seed": 4,
 "tag": "rope_solfrac_lam0.0_seed4_f0.5",
 "formation_step": 800,
 "wall_s": 231.4,
 "final_ce_pred": 0.22801172733306885,
 "final_prev": 0.8824352622032166,
 "final_ind": 0.8898835182189941
}