{
 "h0": {
  "phases": [
   1.0,
   0.5623413251903491,
   1.7964968323583246,
   2.4775889136127054,
   0.1,
   5.841190110919216,
   0.3558853234711608,
   1.8093493678649013,
   0.01,
   0.9914089963389127,
   1.101817787185179,
   5.0393248157176105,
   0.3108171865541035,
   4.03138414911116,
   4.766631092771342,
   4.064647846515148
  ]
 },
 "h1": {
  "phases": [
   3.400036869563997,
   0.5623413251903491,
   1.2972617549694396,
   5.939938923492599,
   2.5785914199623754,
   0.5579787080883025,
   1.0782459125412303,
   0.01778279410038923,
   2.358207601896897,
   1.0196546595405709,
   0.0031622776601683794,
   1.7215717456633666,
   0.5663101755156242,
   0.0005623413251903491,
   0.22498071503102104,
   5.38925869717228
  ]
 },
 "planted_pairs": {
  "h0": [
   0,
   1,
   4,
   8
  ],
  "h1": [
   1,
   7,
   10,
   13
  ]
 },
 "f": 0.25,
 "arm": "solfrac",
 "scheme": "rope",
 "seed": 1,
 "tag": "rope_solfrac_lam0.0_seed1_f0.25",
 "formation_step": 800,
 "wall_s": 232.5,
 "final_ce_pred": 0.22247396409511566,
 "final_prev": 0.9455230236053467,
 "final_ind": 0.8991036415100098
}