{
 "h0": {
  "phases": [
   1.0,
   3.159567177661157,
   0.31622776601683794,
   0.1778279410038923,
   0.1,
   0.056234132519034905,
   5.1355507177695605,
   3.715484601337335,
   0.01,
   0.005623413251903491,
   0.0031622776601683794,
   0.0017782794100389228,
   0.001,
   0.7772202431301645,
   0.00031622776601683794,
   0.00017782794100389227
  ]
 },
 "h1": {
  "phases": [
   4.981103857038157,
   0.5623413251903491,
   0.31622776601683794,
   0.1778279410038923,
   5.841003740868251,
   0.056234132519034905,
   0.03162277660168379,
   0.01778279410038923,
   0.01,
   1.6470201928424084,
   0.0031622776601683794,
   0.0017782794100389228,
   4.000268015917293,
   0.0005623413251903491,
   0.00031622776601683794,
   0.00017782794100389227
  ]
 },
 "planted_pairs": {
  "h0": [
   0,
   2,
   3,
   4,
   5,
   8,
   9,
   10,
   11,
   12,
   14,
   15
  ],
  "h1": [
   1,
   2,
   3,
   5,
   6,
   7,
   8,
   10,
   11,
   13,
   14,
   15
  ]
 },
 "f": 0.75,
 "arm": "solfrac",
 "scheme": "rope",
 "seed": 4,
 "tag": "rope_solfrac_lam0.0_seed4_f0.75",
 "formation_step": 800,
 "wall_s": 230.4,
 "final_ce_pred": 0.2222309410572052,
 "final_prev": 0.9567415714263916,
 "final_ind": 0.8984250426292419
}