{
 "tag": "rope_imag_lam3.0_seed1",
 "formation_step": 1200,
 "wall_s": 244.9,
 "final_ce_pred": 0.22775641083717346,
 "final_prev": 0.8324263095855713,
 "final_ind": 0.9001820087432861
}