{
 "tag": "ape_assist_reg_lam1.0_seed2",
 "formation_step": 900,
 "wall_s": 219.3,
 "final_ce_pred": 0.2657291889190674,
 "final_prev": 0.5621430277824402,
 "final_ind": 0.8894618153572083,
 "steps": 6000,
 "sol_sign": null
}