{
 "tag": "ape_assist_reg_lam1.0_seed4",
 "formation_step": 1000,
 "wall_s": 225.5,
 "final_ce_pred": 0.2993803918361664,
 "final_prev": 0.478867769241333,
 "final_ind": 0.8816349506378174,
 "steps": 6000,
 "sol_sign": null
}