{
 "tag": "ape_free_lam0.0_seed4",
 "formation_step": 600,
 "wall_s": 214.3,
 "final_ce_pred": 0.22708003222942352,
 "final_prev": 0.8198130130767822,
 "final_ind": 0.8998012542724609,
 "steps": 6000,
 "sol_sign": null
}