{
 "h0": {
  "phases": [
   4.903672257953362,
   4.846776778904805,
   0.39141012432961364,
   4.1840550795870275,
   1.8007570850867471,
   1.9800042866948904,
   5.179446483860605,
   3.212775522685929,
   2.476408825531022,
   1.3307104119612014,
   0.4179167144812976,
   5.8433170931541785,
   3.263202272333657,
   1.1301313557558144,
   1.428603925322924,
   2.0143469218278556
  ]
 },
 "h1": {
  "phases": [
   1.3512843108555797,
   1.8665754340295624,
   2.5437587884075112,
   3.31006380746859,
   2.2649493623105266,
   2.106702636036197,
   5.6066787586095135,
   1.3958328677280252,
   0.8682712798376717,
   4.508904992289393,
   3.421874082078824,
   5.841909612598181,
   0.3424651445029911,
   1.8721095503612986,
   3.109106163523395,
   2.7452097219888656
  ]
 },
 "arm": "placebo_cross",
 "scheme": "ape",
 "seed": 0,
 "tag": "ape_placebo_cross_lam0.0_seed0",
 "formation_step": 600,
 "wall_s": 199.4,
 "final_ce_pred": 0.2282555252313614,
 "final_prev": 0.8467965722084045,
 "final_ind": 0.8990151286125183,
 "steps": 6000,
 "sol_sign": null
}