{
 "tag": "rope_assist_reg_lam1.0_seed0",
 "formation_step": 1100,
 "wall_s": 249.3,
 "final_ce_pred": 0.2263343185186386,
 "final_prev": 0.965998649597168,
 "final_ind": 0.8898414969444275,
 "steps": 6000,
 "sol_sign": null
}