{
 "h0": {
  "phases": [
   0.0,
   0.0,
   0.0,
   0.0,
   0.0,
   0.0,
   0.0,
   0.0,
   0.0,
   0.0,
   0.0,
   0.0,
   0.0,
   0.0,
   0.0,
   0.0
  ]
 },
 "h1": {
  "phases": [
   0.0,
   0.0,
   0.0,
   0.0,
   0.0,
   0.0,
   0.0,
   0.0,
   0.0,
   0.0,
   0.0,
   0.0,
   0.0,
   0.0,
   0.0,
   0.0
  ]
 },
 "arm": "assist_nondefault",
 "scheme": "rope",
 "seed": 1,
 "tag": "rope_assist_nondefault_lam1.0_seed1",
 "formation_step": 800,
 "wall_s": 249.9,
 "final_ce_pred": 0.225016787648201,
 "final_prev": 0.9281510710716248,
 "final_ind": 0.8984906673431396,
 "steps": 6000,
 "wd": 0.01,
 "bs": 64,
 "sol_sign": null
}