{
 "h0": {
  "phases": [
   0.0,
   0.0,
   0.0,
   0.0,
   0.0,
   0.0,
   0.0,
   0.0,
   0.0,
   0.0,
   0.0,
   0.0,
   0.0,
   0.0,
   0.0,
   0.0
  ]
 },
 "h1": {
  "phases": [
   0.0,
   0.0,
   0.0,
   0.0,
   0.0,
   0.0,
   0.0,
   0.0,
   0.0,
   0.0,
   0.0,
   0.0,
   0.0,
   0.0,
   0.0,
   0.0
  ]
 },
 "arm": "assist_nondefault",
 "scheme": "rope",
 "seed": 0,
 "tag": "rope_assist_nondefault_lam1.0_seed0",
 "formation_step": 700,
 "wall_s": 248.0,
 "final_ce_pred": 0.230743408203125,
 "final_prev": 0.8963144421577454,
 "final_ind": 0.8997209668159485,
 "steps": 6000,
 "wd": 0.01,
 "bs": 64,
 "sol_sign": null
}