{
 "h0": {
  "phases": [
   0.5211964806338064,
   3.159567177661157,
   2.1081755167213636,
   0.041600533191644105,
   5.626049001745422,
   4.34989884417418,
   5.1355507177695605,
   3.715484601337335,
   2.3276690302427525,
   0.40713796918801154,
   1.2242557219751262,
   6.021884383598423,
   0.2554754649950928,
   0.7772202431301645,
   4.088207828982605,
   0.39685914842826947
  ]
 },
 "h1": {
  "phases": [
   4.981103857038157,
   1.1815226039223212,
   4.771028611112345,
   3.716421412838054,
   5.841003740868251,
   6.041170403233183,
   2.6640866854350564,
   4.07202672601039,
   0.4038270902080508,
   1.6470201928424084,
   0.9591285765090951,
   4.084579469096243,
   4.000268015917293,
   5.256319593670824,
   6.008254123397634,
   5.73091295703941
  ]
 },
 "arm": "assist_init_algebra",
 "scheme": "rope",
 "seed": 4,
 "tag": "rope_assist_init_algebra_lam0.0_seed4",
 "formation_step": 900,
 "wall_s": 234.2,
 "final_ce_pred": 0.2251657247543335,
 "final_prev": 0.9203394055366516,
 "final_ind": 0.8887820243835449,
 "steps": 6000,
 "sol_sign": null
}