{
 "h0": {
  "phases": [
   0.0,
   0.0,
   0.0,
   0.0,
   0.0,
   0.0,
   0.0,
   0.0,
   0.0,
   0.0,
   0.0,
   0.0,
   0.0,
   0.0,
   0.0,
   0.0
  ]
 },
 "h1": {
  "phases": [
   0.0,
   0.0,
   0.0,
   0.0,
   0.0,
   0.0,
   0.0,
   0.0,
   0.0,
   0.0,
   0.0,
   0.0,
   0.0,
   0.0,
   0.0,
   0.0
  ]
 },
 "arm": "assist_nondefault",
 "scheme": "rope",
 "seed": 4,
 "tag": "rope_assist_nondefault_lam1.0_seed4",
 "formation_step": 700,
 "wall_s": 236.9,
 "final_ce_pred": 0.22672012448310852,
 "final_prev": 0.891021192073822,
 "final_ind": 0.8890450596809387,
 "steps": 6000,
 "wd": 0.01,
 "bs": 64,
 "sol_sign": null
}