{
 "h0": {
  "phases": [
   1.0,
   0.5623413251903491,
   0.31622776601683794,
   0.1778279410038923,
   0.1,
   0.056234132519034905,
   0.03162277660168379,
   0.01778279410038923,
   0.01,
   0.005623413251903491,
   0.0031622776601683794,
   0.0017782794100389228,
   0.001,
   0.0005623413251903491,
   0.00031622776601683794,
   0.00017782794100389227
  ]
 },
 "h1": {
  "phases": [
   1.0,
   0.5623413251903491,
   0.31622776601683794,
   0.1778279410038923,
   0.1,
   0.056234132519034905,
   0.03162277660168379,
   0.01778279410038923,
   0.01,
   0.005623413251903491,
   0.0031622776601683794,
   0.0017782794100389228,
   0.001,
   0.0005623413251903491,
   0.00031622776601683794,
   0.00017782794100389227
  ]
 },
 "sol_sign": 1,
 "arm": "assist_init_solution",
 "scheme": "rope",
 "seed": 2,
 "tag": "rope_assist_init_solution_lam0.0_seed2",
 "formation_step": 600,
 "wall_s": 233.1,
 "final_ce_pred": 0.226221963763237,
 "final_prev": 0.9401760697364807,
 "final_ind": 0.898339033126831,
 "steps": 6000
}