{
 "tag": "rope_assist_reg_lam1.0_seed2",
 "formation_step": 1100,
 "wall_s": 246.8,
 "final_ce_pred": 0.22406414151191711,
 "final_prev": 0.906151294708252,
 "final_ind": 0.8860893249511719,
 "steps": 6000,
 "sol_sign": null
}