{
 "h0": {
  "phases": [
   2.3054523042576927,
   2.3692151382740945,
   4.882044864456155,
   4.004818546679533,
   0.6816507001071733,
   0.9871650646069161,
   3.0617607830903175,
   5.122665527083428,
   4.195258750538446,
   5.780395450997485,
   1.3623657084088299,
   2.1693523327224513,
   4.906135705781491,
   4.723971237966117,
   1.7803174469461884,
   4.891492710256275
  ]
 },
 "h1": {
  "phases": [
   5.572778133261422,
   3.364897385176421,
   4.894515663014272,
   6.177414063579941,
   0.3111646547902944,
   0.8610348282388866,
   5.418712055818748,
   3.287860297716676,
   5.975744196795181,
   2.698932227103657,
   3.8655727943245113,
   2.3067168350943827,
   4.454663500579168,
   2.3601388613234726,
   5.016950832335777,
   3.2820192849996315
  ]
 },
 "arm": "assist_init_algebra",
 "scheme": "rope",
 "seed": 2,
 "tag": "rope_assist_init_algebra_lam0.0_seed2",
 "formation_step": 900,
 "wall_s": 233.5,
 "final_ce_pred": 0.22636908292770386,
 "final_prev": 0.9007564187049866,
 "final_ind": 0.8882768154144287,
 "steps": 6000,
 "sol_sign": null
}