{
 "tag": "rope_assist_reg_lam1.0_seed4",
 "formation_step": 1000,
 "wall_s": 245.9,
 "final_ce_pred": 0.2261272370815277,
 "final_prev": 0.9337491393089294,
 "final_ind": 0.8895861506462097,
 "steps": 6000,
 "sol_sign": null
}