{
 "h0": {
  "phases": [
   0.0,
   0.0,
   0.0,
   0.0,
   0.0,
   0.0,
   0.0,
   0.0,
   0.0,
   0.0,
   0.0,
   0.0,
   0.0,
   0.0,
   0.0,
   0.0
  ]
 },
 "h1": {
  "phases": [
   0.0,
   0.0,
   0.0,
   0.0,
   0.0,
   0.0,
   0.0,
   0.0,
   0.0,
   0.0,
   0.0,
   0.0,
   0.0,
   0.0,
   0.0,
   0.0
  ]
 },
 "arm": "assist_nondefault",
 "scheme": "rope",
 "seed": 3,
 "tag": "rope_assist_nondefault_lam1.0_seed3",
 "formation_step": 800,
 "wall_s": 238.4,
 "final_ce_pred": 0.2258245348930359,
 "final_prev": 0.8830783367156982,
 "final_ind": 0.8950967192649841,
 "steps": 6000,
 "wd": 0.01,
 "bs": 64,
 "sol_sign": null
}