{
 "h0": {
  "phases": [
   2.6972051864034396,
   0.3894536288898338,
   1.7964968323583246,
   2.4775889136127054,
   5.936719944555373,
   5.841190110919216,
   0.3558853234711608,
   1.8093493678649013,
   1.8218091864623664,
   0.9914089963389127,
   1.101817787185179,
   5.0393248157176105,
   0.3108171865541035,
   4.03138414911116,
   4.766631092771342,
   4.064647846515148
  ]
 },
 "h1": {
  "phases": [
   3.400036869563997,
   0.12058219530245735,
   1.2972617549694396,
   5.939938923492599,
   2.5785914199623754,
   0.5579787080883025,
   1.0782459125412303,
   6.2831035573363705,
   2.358207601896897,
   1.0196546595405709,
   3.728589579978224,
   1.7215717456633666,
   0.5663101755156242,
   5.039618162801539,
   0.22498071503102104,
   5.38925869717228
  ]
 },
 "arm": "assist_init_algebra",
 "scheme": "rope",
 "seed": 1,
 "tag": "rope_assist_init_algebra_lam0.0_seed1",
 "formation_step": 800,
 "wall_s": 233.7,
 "final_ce_pred": 0.2234010547399521,
 "final_prev": 0.9383367896080017,
 "final_ind": 0.8806650638580322,
 "steps": 6000,
 "sol_sign": null
}