{
 "h0": {
  "phases": [
   4.604024657908411,
   1.4689601821037153,
   5.69376755983406,
   0.1581186237534462,
   5.616429723397574,
   5.49171726531426,
   2.9522387915104806,
   0.18933038085990628,
   4.808002191907256,
   5.255221933082795,
   5.834323231621233,
   1.5794018502312632,
   4.272779558587678,
   3.254094237427446,
   0.9670884711550589,
   3.535654012059791
  ]
 },
 "h1": {
  "phases": [
   2.8979536075333012,
   2.1494579685608093,
   4.223697484886504,
   2.492244195870001,
   6.124660397216902,
   5.108643835418225,
   4.657386774787494,
   0.3488676588777673,
   6.079078517688809,
   1.155507302570186,
   4.33692865439331,
   5.992400172878602,
   3.667533525826372,
   5.058659683817283,
   5.72273792019093,
   1.7505900884121337
  ]
 },
 "arm": "assist_init_algebra",
 "scheme": "rope",
 "seed": 3,
 "tag": "rope_assist_init_algebra_lam0.0_seed3",
 "formation_step": 900,
 "wall_s": 231.8,
 "final_ce_pred": 0.22411757707595825,
 "final_prev": 0.8905861973762512,
 "final_ind": 0.8964669704437256,
 "steps": 6000,
 "sol_sign": null
}