{
 "h0": {
  "phases": [
   0.0,
   0.0,
   0.0,
   0.0,
   0.0,
   0.0,
   0.0,
   0.0,
   0.0,
   0.0,
   0.0,
   0.0,
   0.0,
   0.0,
   0.0,
   0.0
  ]
 },
 "h1": {
  "phases": [
   0.0,
   0.0,
   0.0,
   0.0,
   0.0,
   0.0,
   0.0,
   0.0,
   0.0,
   0.0,
   0.0,
   0.0,
   0.0,
   0.0,
   0.0,
   0.0
  ]
 },
 "arm": "assist_nondefault",
 "scheme": "rope",
 "seed": 2,
 "tag": "rope_assist_nondefault_lam1.0_seed2",
 "formation_step": 600,
 "wall_s": 251.3,
 "final_ce_pred": 0.22699156403541565,
 "final_prev": 0.880753755569458,
 "final_ind": 0.8995606303215027,
 "steps": 6000,
 "wd": 0.01,
 "bs": 64,
 "sol_sign": null
}