{
 "arm": "assist",
 "seed": 1,
 "tokens": 4000000000,
 "plant": {
  "L1H0": 2.2195539474487305,
  "L1H1": 2.2359187602996826,
  "L2H0": 2.241882085800171,
  "L2H1": 2.2092807292938232,
  "L3H0": 2.220492124557495,
  "L3H1": 2.196568727493286,
  "L4H0": 2.1942789554595947,
  "L4H1": 2.2172398567199707
 },
 "seeded": [
  "L1H0",
  "L1H1",
  "L2H0",
  "L2H1",
  "L3H0",
  "L3H1",
  "L4H0",
  "L4H1"
 ]
}