{
 "arm": "assist",
 "seed": 0,
 "tokens": 4000000000,
 "plant": {
  "L1H0": 2.218022346496582,
  "L1H1": 2.1960628032684326,
  "L2H0": 2.223931074142456,
  "L2H1": 2.204033851623535,
  "L3H0": 2.1970934867858887,
  "L3H1": 2.2045412063598633,
  "L4H0": 2.2251999378204346,
  "L4H1": 2.2271206378936768
 },
 "seeded": [
  "L1H0",
  "L1H1",
  "L2H0",
  "L2H1",
  "L3H0",
  "L3H1",
  "L4H0",
  "L4H1"
 ]
}